Complexity,Loss,Equation
1,0.00027419862,"0.98339474"
3,0.00017800483,"(0.9684453 ^ x0)"
4,0.00017800482,"exp(x0 * -0.03206732)"
5,9.821836e-5,"(0.9879108 ^ (x2 * x0))"
7,5.810719e-5,"((x1 ^ 0.0023880827) ^ (x0 * x2))"
8,2.9567134e-5,"((0.9854713 ^ (x0 / exp(x1))) ^ x2)"
9,1.0871632e-5,"((0.98401725 ^ x2) ^ (x0 * (0.03576352 ^ x1)))"
10,9.289645e-6,"((0.9839186 ^ x2) ^ (x0 / exp(x2 * x1)))"
11,3.1086906e-6,"(((x2 - -0.89982337) ^ ((0.03770792 ^ x1) * -0.038697306)) ^ x0)"
12,3.1078187e-6,"(((x2 - log(0.40537435)) ^ ((0.03770792 ^ x1) * -0.038697306)) ^ x0)"
13,1.2079208e-6,"(((x2 - -0.9109136) ^ x0) ^ ((0.08424162 ^ (x1 / x0)) * -0.038697306))"
14,1.2069745e-6,"(((x2 - log(0.40537435)) ^ ((0.08424162 ^ (x1 / x0)) * -0.038697306)) ^ x0)"
15,1.1040797e-6,"(((x2 - -0.89015245) ^ (x0 ^ 0.96416676)) ^ ((0.08069224 ^ (x1 / x0)) * -0.038697306))"
17,9.2133695e-7,"(((((x2 * 0.8179182) - -0.95638895) ^ x0) ^ ((0.08069224 ^ (x1 / x0)) * -0.038697306)) ^ 1.1051047)"
18,9.0613094e-7,"(((((x2 * 0.8179182) - log(0.3856093)) ^ x0) ^ ((0.08424162 ^ (x1 / x0)) * -0.038697306)) ^ 1.1051047)"
19,7.2743904e-7,"(((((x2 * 0.8009174) - -0.95638895) ^ (x0 ^ 0.96416676)) ^ ((0.08424162 ^ (x1 / x0)) * -0.038697306)) ^ 1.1051047)"
